subset,dimension,attribute_a,attribute_b,n_a,n_b,human_delta_b_minus_a,jev_delta_b_minus_a,agreement_a,agreement_b
causal,action_omission,EC_4_Action,EC_4_Omission,80,32,0.02849999999999997,-0.17862499999999992,0.4,0.375
causal,agent_awareness,AK_2_Agent_Aware,AK_2_Agent_Unaware,23,20,-0.009043478260869597,0.19543478260869562,0.34782608695652173,0.4
causal,causal_structure,CS_1_Conjunctive,CS_1_Disjunctive,66,32,-0.03037878787878795,-0.25031250000000005,0.4393939393939394,0.3125
causal,event_normality,EC_4_Abnormal_Event,EC_4_Normal_Event,44,45,-0.22814141414141414,-0.29421717171717177,0.5681818181818182,0.3111111111111111
causal,norm_type,Norm_3_Prescriptive_Norm,Norm_3_Statistics_Norm,67,21,-0.08099502487562188,-0.06733475479744133,0.4626865671641791,0.3333333333333333
moral,beneficiary,other beneficial,self beneficial,26,22,0.10083916083916084,-0.014930069930069956,0.5,0.45454545454545453
moral,causal_role,accidental,instrumental,18,30,-0.11777777777777776,-0.06722222222222218,0.4444444444444444,0.5
moral,evitability,avoidable,inevitable,22,26,0.1307692307692308,0.13576923076923075,0.4090909090909091,0.5384615384615384
moral,locus_of_intervention,influence agent,influence patient,6,4,0.036666666666666736,-0.1333333333333333,0.5,0.75
moral,personal_force,impersonal,personal,24,24,-0.05833333333333335,-0.06708333333333333,0.375,0.5833333333333334
