subset,dimension,attribute,n,human_mean_p_yes,jev_mean_p_yes,three_class_agreement
causal,action_omission,EC_4_Action,80,0.494,0.7454999999999999,0.4
causal,action_omission,EC_4_Omission,32,0.5225,0.566875,0.375
causal,agent_awareness,AK_2_Agent_Aware,23,0.5130434782608696,0.7595652173913043,0.34782608695652173
causal,agent_awareness,AK_2_Agent_Unaware,20,0.504,0.955,0.4
causal,causal_structure,CS_1_Conjunctive,66,0.5078787878787879,0.8,0.4393939393939394
causal,causal_structure,CS_1_Disjunctive,32,0.4775,0.5496875,0.3125
causal,event_normality,EC_4_Abnormal_Event,44,0.6263636363636363,0.8897727272727273,0.5681818181818182
causal,event_normality,EC_4_Normal_Event,45,0.3982222222222222,0.5955555555555555,0.3111111111111111
causal,norm_type,Norm_3_Prescriptive_Norm,67,0.5343283582089552,0.7644776119402985,0.4626865671641791
causal,norm_type,Norm_3_Statistics_Norm,21,0.4533333333333333,0.6971428571428572,0.3333333333333333
causal,time,EC_4_Early_Cause,4,0.46,0.9525,0.25
causal,time,EC_4_Late_Cause,5,0.544,0.778,0.6
causal,time,EC_4_Same_Time_Cause,58,0.496551724137931,0.8008620689655173,0.4482758620689655
moral,beneficiary,other beneficial,26,0.4846153846153846,0.4053846153846154,0.5
moral,beneficiary,self beneficial,22,0.5854545454545454,0.39045454545454544,0.45454545454545453
moral,causal_role,accidental,18,0.6044444444444445,0.44055555555555553,0.4444444444444444
moral,causal_role,instrumental,30,0.4866666666666667,0.37333333333333335,0.5
moral,evitability,avoidable,22,0.46,0.325,0.4090909090909091
moral,evitability,inevitable,26,0.5907692307692308,0.46076923076923076,0.5384615384615384
moral,locus_of_intervention,influence agent,6,0.5533333333333333,0.8333333333333333,0.5
moral,locus_of_intervention,influence patient,4,0.5900000000000001,0.7,0.75
moral,personal_force,impersonal,24,0.56,0.4320833333333333,0.375
moral,personal_force,personal,24,0.5016666666666667,0.365,0.5833333333333334
